Job title, Job post url, Company, Location, Recruiting?, Applied?, Application documents available in
Digital Consultant - Automotive Software / Autonomous Driving, https://www.linkedin.com/jobs/view/2827803930/?refId=a2eccb30-e5b8-4bf7-840b-262e7652c08e&trk=flagship3_job_home_savedjobs, Boston Consulting Group (BCG), Germany (Remote), Actively recruiting, NO, /Users/distasl/Documents/WD/profDocs/submissions/pending/2022-01-07_BostonConsultingGroup(BCG)-DigitalConsultant-AutomotiveSoftwareAutonomousDriving
Senior Data Scientist, https://www.linkedin.com/jobs/view/2805194305/?refId=a2eccb30-e5b8-4bf7-840b-262e7652c08e&trk=flagship3_job_home_savedjobs, Kindred Group plc, London (Hybrid), Actively recruiting, NO, /Users/distasl/Documents/WD/profDocs/submissions/pending/2022-01-07_KindredGroupplc-SeniorDataScientist
Cell-level Mechanical Simulation Engineer, https://www.linkedin.com/jobs/view/2841652656/?refId=a2eccb30-e5b8-4bf7-840b-262e7652c08e&trk=flagship3_job_home_savedjobs, Northvolt, Västerås (On-site), Actively recruiting, NO, /Users/distasl/Documents/WD/profDocs/submissions/pending/2022-01-07_Northvolt-Cell-levelMechanicalSimulationEngineer
Senior Adviser Innovation (Ventures); P5; FTA; Office of Innovation; Stockholm; Sweden (#00117145), https://www.linkedin.com/jobs/view/2861638801/?refId=a2eccb30-e5b8-4bf7-840b-262e7652c08e&trk=flagship3_job_home_savedjobs, UNICEF, Stockholm City (On-site), Actively recruiting, NO, /Users/distasl/Documents/WD/profDocs/submissions/pending/2022-01-07_UNICEF-SeniorAdviserInnovation(Ventures)P5FTAOfficeofInnovationStockholmSweden(#00117145)
CAE Analysis Engineer Crashworthiness. Lead engineer., https://www.linkedin.com/jobs/view/2850826046/?refId=a2eccb30-e5b8-4bf7-840b-262e7652c08e&trk=flagship3_job_home_savedjobs, Volvo Group, Göteborg (On-site), Actively recruiting, NO, /Users/distasl/Documents/WD/profDocs/submissions/pending/2022-01-07_VolvoGroup-CAEAnalysisEngineerCrashworthiness.Leadengineer.
Structural analysis engineer, https://www.linkedin.com/jobs/view/2849184716/?refId=a2eccb30-e5b8-4bf7-840b-262e7652c08e&trk=flagship3_job_home_savedjobs, Saab, Göteborg (On-site), Actively recruiting, NO, /Users/distasl/Documents/WD/profDocs/submissions/pending/2022-01-07_Saab-Structuralanalysisengineer
Mechanical Engineer, https://www.linkedin.com/jobs/view/2860535335/?refId=a2eccb30-e5b8-4bf7-840b-262e7652c08e&trk=flagship3_job_home_savedjobs, Coalesce Management Consulting, Greater Vasteras Area (Hybrid), Actively recruiting, NO, /Users/distasl/Documents/WD/profDocs/submissions/pending/2022-01-07_CoalesceManagementConsulting-MechanicalEngineer
Composite Structural Analysis Engineer (m/w/d), https://www.linkedin.com/jobs/view/2865088279/?refId=a2eccb30-e5b8-4bf7-840b-262e7652c08e&trk=flagship3_job_home_savedjobs, expertum GmbH, Hamburg (On-site), Actively recruiting, NO, /Users/distasl/Documents/WD/profDocs/submissions/pending/2022-01-07_expertumGmbH-CompositeStructuralAnalysisEngineer(mwd)
Mechanical Design Engineer, https://www.linkedin.com/jobs/view/2859409644/?refId=a2eccb30-e5b8-4bf7-840b-262e7652c08e&trk=flagship3_job_home_savedjobs, ALTEN Sweden, Stockholm (On-site), Actively recruiting, NO, /Users/distasl/Documents/WD/profDocs/submissions/pending/2022-01-07_ALTENSweden-MechanicalDesignEngineer
Data Scientist, https://www.linkedin.com/jobs/view/2857672974/?refId=a2eccb30-e5b8-4bf7-840b-262e7652c08e&trk=flagship3_job_home_savedjobs, Volvo Group, Göteborg (On-site), Actively recruiting, NO, /Users/distasl/Documents/WD/profDocs/submissions/pending/2022-01-07_VolvoGroup-DataScientist
Analysis Engineer - CAE Driver Modeling and CI-Chain, https://www.linkedin.com/jobs/view/2858763987/?refId=a33ef06d-f375-41ea-a04c-aa43218bb011&trk=flagship3_job_home_savedjobs, Volvo Cars, Göteborg (On-site), Actively recruiting, NO, /Users/distasl/Documents/WD/profDocs/submissions/pending/2022-01-07_VolvoCars-AnalysisEngineer-CAEDriverModelingandCI-Chain
Technology Innovation Consultant, https://www.linkedin.com/jobs/view/2832432722/?refId=a33ef06d-f375-41ea-a04c-aa43218bb011&trk=flagship3_job_home_savedjobs, Webhelp, Spain (Remote), Actively recruiting, NO, /Users/distasl/Documents/WD/profDocs/submissions/pending/2022-01-07_Webhelp-TechnologyInnovationConsultant
Mechanical Analyses Engineer to ABB Traction, https://www.linkedin.com/jobs/view/2857339070/?refId=a33ef06d-f375-41ea-a04c-aa43218bb011&trk=flagship3_job_home_savedjobs, ABB, Västerås (On-site), Actively recruiting, NO, /Users/distasl/Documents/WD/profDocs/submissions/pending/2022-01-07_ABB-MechanicalAnalysesEngineertoABBTraction
Industrial Engineer, https://www.linkedin.com/jobs/view/2857407502/?refId=a33ef06d-f375-41ea-a04c-aa43218bb011&trk=flagship3_job_home_savedjobs, Autoliv, Vårgårda (On-site), Actively recruiting, NO, /Users/distasl/Documents/WD/profDocs/submissions/pending/2022-01-07_Autoliv-IndustrialEngineer
Experienced Simulation Product Engineer (m/f/d), https://www.linkedin.com/jobs/view/2849778207/?refId=a33ef06d-f375-41ea-a04c-aa43218bb011&trk=flagship3_job_home_savedjobs, Airbus, Manching (On-site), Actively recruiting, NO, /Users/distasl/Documents/WD/profDocs/submissions/pending/2022-01-07_Airbus-ExperiencedSimulationProductEngineer(mfd)
Discipline Project Engineer Mechanical, https://www.linkedin.com/jobs/view/2794604154/?refId=a33ef06d-f375-41ea-a04c-aa43218bb011&trk=flagship3_job_home_savedjobs, SABIC, Geleen (On-site), Actively recruiting, NO, /Users/distasl/Documents/WD/profDocs/submissions/pending/2022-01-07_SABIC-DisciplineProjectEngineerMechanical
Mechanical Engineer to Gasporox, https://www.linkedin.com/jobs/view/2857586096/?refId=a33ef06d-f375-41ea-a04c-aa43218bb011&trk=flagship3_job_home_savedjobs, GASPOROX AB (Publ.), Lund (Hybrid), Actively recruiting, NO, /Users/distasl/Documents/WD/profDocs/submissions/pending/2022-01-07_GASPOROXAB(Publ.)-MechanicalEngineertoGasporox
Simulation Engineer (m/w/d), https://www.linkedin.com/jobs/view/2857600768/?refId=a33ef06d-f375-41ea-a04c-aa43218bb011&trk=flagship3_job_home_savedjobs, cnxtechnolgy GmbH, Greater Munich Metropolitan Area (Hybrid), Actively recruiting, NO, /Users/distasl/Documents/WD/profDocs/submissions/pending/2022-01-07_cnxtechnolgyGmbH-SimulationEngineer(mwd)
CAE Structural Simulation Engineer (Batteries), https://www.linkedin.com/jobs/view/2852696271/?refId=a33ef06d-f375-41ea-a04c-aa43218bb011&trk=flagship3_job_home_savedjobs, weITglobal - W.IT.G Consulting AB, Göteborg (On-site), Actively recruiting, NO, /Users/distasl/Documents/WD/profDocs/submissions/pending/2022-01-07_weITglobal-W.IT.GConsultingAB-CAEStructuralSimulationEngineer(Batteries)
Mechanical Design Engineer, https://www.linkedin.com/jobs/view/2853211766/?refId=a33ef06d-f375-41ea-a04c-aa43218bb011&trk=flagship3_job_home_savedjobs, Hitachi Energy, Ludvika (On-site), Actively recruiting, NO, /Users/distasl/Documents/WD/profDocs/submissions/pending/2022-01-07_HitachiEnergy-MechanicalDesignEngineer
Composite Structural Analysis Engineer (d/w/m), https://www.linkedin.com/jobs/view/2852595762/?refId=de819dd5-7290-4170-bc2f-0f41468e395c&trk=flagship3_job_home_savedjobs, DEKRA Arbeit Group, Hamburg (On-site), Actively recruiting, NO, /Users/distasl/Documents/WD/profDocs/submissions/pending/2022-01-07_DEKRAArbeitGroup-CompositeStructuralAnalysisEngineer(dwm)
FEA Engineer, https://www.linkedin.com/jobs/view/2820791527/?refId=de819dd5-7290-4170-bc2f-0f41468e395c&trk=flagship3_job_home_savedjobs, Koenigsegg Automotive AB, Ängelholm, Actively recruiting, NO, /Users/distasl/Documents/WD/profDocs/submissions/pending/2022-01-07_KoenigseggAutomotiveAB-FEAEngineer
Mechanical Engineer, https://www.linkedin.com/jobs/view/2851129442/?refId=de819dd5-7290-4170-bc2f-0f41468e395c&trk=flagship3_job_home_savedjobs, Mpya Sci & Tech, Göteborg (On-site), Actively recruiting, NO, /Users/distasl/Documents/WD/profDocs/submissions/pending/2022-01-07_MpyaSci&Tech-MechanicalEngineer
Quantitative analyst Stockholm (Solna), https://www.linkedin.com/jobs/view/2847472303/?refId=de819dd5-7290-4170-bc2f-0f41468e395c&trk=flagship3_job_home_savedjobs, Vattenfall, Solna (On-site), Actively recruiting, NO, /Users/distasl/Documents/WD/profDocs/submissions/pending/2022-01-07_Vattenfall-QuantitativeanalystStockholm(Solna)
Innovation Manager (Emerging Tech); P4; FTA; Office of Innovation; Stockholm; Sweden (# 00117524), https://www.linkedin.com/jobs/view/2850193828/?refId=de819dd5-7290-4170-bc2f-0f41468e395c&trk=flagship3_job_home_savedjobs, UNICEF, Stockholm City (On-site), Actively recruiting, NO, /Users/distasl/Documents/WD/profDocs/submissions/pending/2022-01-07_UNICEF-InnovationManager(EmergingTech)P4FTAOfficeofInnovationStockholmSweden(#00117524)
R&D Manager, https://www.linkedin.com/jobs/view/2825806194/?refId=de819dd5-7290-4170-bc2f-0f41468e395c&trk=flagship3_job_home_savedjobs, ASSA ABLOY Group, Stockholm (On-site), Actively recruiting, NO, /Users/distasl/Documents/WD/profDocs/submissions/pending/2022-01-07_ASSAABLOYGroup-R&DManager
Quantitative Analyst, https://www.linkedin.com/jobs/view/2848648156/?refId=de819dd5-7290-4170-bc2f-0f41468e395c&trk=flagship3_job_home_savedjobs, Vattenfall, Solna (Hybrid), Actively recruiting, NO, /Users/distasl/Documents/WD/profDocs/submissions/pending/2022-01-07_Vattenfall-QuantitativeAnalyst
Applied Research Manager, https://www.linkedin.com/jobs/view/2848983220/?refId=de819dd5-7290-4170-bc2f-0f41468e395c&trk=flagship3_job_home_savedjobs, Polarium, Stockholm Metropolitan Area (On-site), Actively recruiting, NO, /Users/distasl/Documents/WD/profDocs/submissions/pending/2022-01-07_Polarium-AppliedResearchManager
Research Scientist; Language, https://www.linkedin.com/jobs/view/2848236556/?refId=de819dd5-7290-4170-bc2f-0f41468e395c&trk=flagship3_job_home_savedjobs, Meta, Spain (Remote), Actively recruiting, NO, /Users/distasl/Documents/WD/profDocs/submissions/pending/2022-01-07_Meta-ResearchScientistLanguage
Mechanical Engineer in Medtech and Life Science, https://www.linkedin.com/jobs/view/2849337197/?refId=de819dd5-7290-4170-bc2f-0f41468e395c&trk=flagship3_job_home_savedjobs, Knightec, Stockholm (On-site), Actively recruiting, NO, /Users/distasl/Documents/WD/profDocs/submissions/pending/2022-01-07_Knightec-MechanicalEngineerinMedtechandLifeScience
Factory Simulation Engineer, https://www.linkedin.com/jobs/view/2849541053/?refId=034bb40d-49a6-4b96-9445-c3a144eb29a4&trk=flagship3_job_home_savedjobs, Northvolt, Stockholm City (On-site), Actively recruiting, NO, /Users/distasl/Documents/WD/profDocs/submissions/pending/2022-01-07_Northvolt-FactorySimulationEngineer
Digital Business Analyst, https://www.linkedin.com/jobs/view/2846691218/?refId=034bb40d-49a6-4b96-9445-c3a144eb29a4&trk=flagship3_job_home_savedjobs, Accenture Nordics, Stockholm City (On-site), Actively recruiting, NO, /Users/distasl/Documents/WD/profDocs/submissions/pending/2022-01-07_AccentureNordics-DigitalBusinessAnalyst
Technology Strategy & Advisory is looking for Managers and Senior Managers in Sweden, https://www.linkedin.com/jobs/view/2846693080/?refId=034bb40d-49a6-4b96-9445-c3a144eb29a4&trk=flagship3_job_home_savedjobs, Accenture Nordics, Gothenburg, Actively recruiting, NO, /Users/distasl/Documents/WD/profDocs/submissions/pending/2022-01-07_AccentureNordics-TechnologyStrategy&AdvisoryislookingforManagersandSeniorManagersinSweden
Energy & Utilities professionals to Strategy & Management Consulting, https://www.linkedin.com/jobs/view/2846690282/?refId=034bb40d-49a6-4b96-9445-c3a144eb29a4&trk=flagship3_job_home_savedjobs, Accenture Nordics, Stockholm City (On-site), Actively recruiting, NO, /Users/distasl/Documents/WD/profDocs/submissions/pending/2022-01-07_AccentureNordics-Energy&UtilitiesprofessionalstoStrategy&ManagementConsulting
Lead Mechanical Engineer, https://www.linkedin.com/jobs/view/2849188225/?refId=034bb40d-49a6-4b96-9445-c3a144eb29a4&trk=flagship3_job_home_savedjobs, FlexLink, Gothenburg (On-site), Actively recruiting, NO, /Users/distasl/Documents/WD/profDocs/submissions/pending/2022-01-07_FlexLink-LeadMechanicalEngineer
Industry Process Consultant (m/f/d) Multibody Dynamics, https://www.linkedin.com/jobs/view/2849180889/?refId=034bb40d-49a6-4b96-9445-c3a144eb29a4&trk=flagship3_job_home_savedjobs, Dassault Systèmes, Munich (On-site), Actively recruiting, NO, /Users/distasl/Documents/WD/profDocs/submissions/pending/2022-01-07_DassaultSystèmes-IndustryProcessConsultant(mfd)MultibodyDynamics
Robotics | Innovation Engineer, https://www.linkedin.com/jobs/view/2845898770/?refId=034bb40d-49a6-4b96-9445-c3a144eb29a4&trk=flagship3_job_home_savedjobs, Electrolux, Stockholm City (On-site), Actively recruiting, NO, /Users/distasl/Documents/WD/profDocs/submissions/pending/2022-01-07_Electrolux-Robotics|InnovationEngineer
Simulation Engineer Engine performance and emissions, https://www.linkedin.com/jobs/view/2845630973/?refId=034bb40d-49a6-4b96-9445-c3a144eb29a4&trk=flagship3_job_home_savedjobs, Scania Group, Södertälje (On-site), Actively recruiting, NO, /Users/distasl/Documents/WD/profDocs/submissions/pending/2022-01-07_ScaniaGroup-SimulationEngineerEngineperformanceandemissions
Senior FEA/Code_Aster Specialist (m/f/d), https://www.linkedin.com/jobs/view/2841509973/?refId=034bb40d-49a6-4b96-9445-c3a144eb29a4&trk=flagship3_job_home_savedjobs, SimScale, Munich, Actively recruiting, NO, /Users/distasl/Documents/WD/profDocs/submissions/pending/2022-01-07_SimScale-SeniorFEACode_AsterSpecialist(mfd)
Curriculum Designer; GT School (Remote) - $400;000/year USD, https://www.linkedin.com/jobs/view/2843512436/?refId=034bb40d-49a6-4b96-9445-c3a144eb29a4&trk=flagship3_job_home_savedjobs, Crossover for Work, Madrid (Remote), Actively recruiting, NO, /Users/distasl/Documents/WD/profDocs/submissions/pending/2022-01-07_CrossoverforWork-CurriculumDesignerGTSchool(Remote)-$400000yearUSD
CAE Analysis Engineer Crashworthiness. Lead engineer., https://www.linkedin.com/jobs/view/2847670703/?refId=f8313c64-60b8-4285-b33d-18a3c72cfe2e&trk=flagship3_job_home_savedjobs, Volvo Group, Göteborg (On-site), Actively recruiting, NO, /Users/distasl/Documents/WD/profDocs/submissions/pending/2022-01-07_VolvoGroup-CAEAnalysisEngineerCrashworthiness.Leadengineer.
#ZEROe Stress Engineer (d/f/m), https://www.linkedin.com/jobs/view/2838284977/?refId=f8313c64-60b8-4285-b33d-18a3c72cfe2e&trk=flagship3_job_home_savedjobs, Airbus, Hamburg (On-site), Actively recruiting, NO, /Users/distasl/Documents/WD/profDocs/submissions/pending/2022-01-07_Airbus-#ZEROeStressEngineer(dfm)
Composite Structural Analysis Engineer (m/f/d), https://www.linkedin.com/jobs/view/2839604978/?refId=f8313c64-60b8-4285-b33d-18a3c72cfe2e&trk=flagship3_job_home_savedjobs, STRATO Personal GmbH, Stade (On-site), Actively recruiting, NO, /Users/distasl/Documents/WD/profDocs/submissions/pending/2022-01-07_STRATOPersonalGmbH-CompositeStructuralAnalysisEngineer(mfd)
Wind Turbine Loads and Systems Dynamics Engineer, https://www.linkedin.com/jobs/view/2845825375/?refId=f8313c64-60b8-4285-b33d-18a3c72cfe2e&trk=flagship3_job_home_savedjobs, DIS - CREADIS Engineering Solutions & Consulting, Spain (Remote), Actively recruiting, NO, /Users/distasl/Documents/WD/profDocs/submissions/pending/2022-01-07_DIS-CREADISEngineeringSolutions&Consulting-WindTurbineLoadsandSystemsDynamicsEngineer
Mechanical Engineer - Xshore, https://www.linkedin.com/jobs/view/2847008463/?refId=f8313c64-60b8-4285-b33d-18a3c72cfe2e&trk=flagship3_job_home_savedjobs, Dinkel & Friends AB, Stockholm City (Hybrid), Actively recruiting, NO, /Users/distasl/Documents/WD/profDocs/submissions/pending/2022-01-07_Dinkel&FriendsAB-MechanicalEngineer-Xshore
Remote | Developer Evangelist Advocate, https://www.linkedin.com/jobs/view/2839353918/?refId=f8313c64-60b8-4285-b33d-18a3c72cfe2e&trk=flagship3_job_home_savedjobs, OLX Group, Spain (Remote), Actively recruiting, NO, /Users/distasl/Documents/WD/profDocs/submissions/pending/2022-01-07_OLXGroup-Remote|DeveloperEvangelistAdvocate
Composite Structural Analysis Engineer (m/f/d), https://www.linkedin.com/jobs/view/2841090398/?refId=f8313c64-60b8-4285-b33d-18a3c72cfe2e&trk=flagship3_job_home_savedjobs, Orizon GmbH, Stade (On-site), Actively recruiting, NO, /Users/distasl/Documents/WD/profDocs/submissions/pending/2022-01-07_OrizonGmbH-CompositeStructuralAnalysisEngineer(mfd)
Stress Engineer - FEM, https://www.linkedin.com/jobs/view/2830751799/?refId=f8313c64-60b8-4285-b33d-18a3c72cfe2e&trk=flagship3_job_home_savedjobs, ALTEN SPAIN, Madrid (Remote), Actively recruiting, NO, /Users/distasl/Documents/WD/profDocs/submissions/pending/2022-01-07_ALTENSPAIN-StressEngineer-FEM
Grant Writing Consultant, https://www.linkedin.com/jobs/view/2840895248/?refId=f8313c64-60b8-4285-b33d-18a3c72cfe2e&trk=flagship3_job_home_savedjobs, Leonid Group Ltd, Greater Exeter Area (Remote), Actively recruiting, NO, /Users/distasl/Documents/WD/profDocs/submissions/pending/2022-01-07_LeonidGroupLtd-GrantWritingConsultant
Composite Structural Analysis Engineer (m/w/d) Airbus Stade, https://www.linkedin.com/jobs/view/2837469236/?refId=f8313c64-60b8-4285-b33d-18a3c72cfe2e&trk=flagship3_job_home_savedjobs, AIP SERVICES GmbH, Stade (On-site), Actively recruiting, NO, /Users/distasl/Documents/WD/profDocs/submissions/pending/2022-01-07_AIPSERVICESGmbH-CompositeStructuralAnalysisEngineer(mwd)AirbusStade
Senior FEA/Code_Aster Specialist (m/f/d), https://www.linkedin.com/jobs/view/2819240176/?refId=6da3e95f-5941-4aba-8e83-1306a9ae5701&trk=flagship3_job_home_savedjobs, SimScale, Munich, Actively recruiting, NO, /Users/distasl/Documents/WD/profDocs/submissions/pending/2022-01-07_SimScale-SeniorFEACode_AsterSpecialist(mfd)
Offshore Wind System Simulation Engineer, https://www.linkedin.com/jobs/view/2765738583/?refId=6da3e95f-5941-4aba-8e83-1306a9ae5701&trk=flagship3_job_home_savedjobs, GE Renewable Energy, Barcelona (On-site), Actively recruiting, NO, /Users/distasl/Documents/WD/profDocs/submissions/pending/2022-01-07_GERenewableEnergy-OffshoreWindSystemSimulationEngineer
Simulation Engineer - Microgrid Project (m/f/d), https://www.linkedin.com/jobs/view/2836137920/?refId=6da3e95f-5941-4aba-8e83-1306a9ae5701&trk=flagship3_job_home_savedjobs, Rolls-Royce Sustainable Power Solutions, Berlin; Germany (On-site), Actively recruiting, NO, /Users/distasl/Documents/WD/profDocs/submissions/pending/2022-01-07_Rolls-RoyceSustainablePowerSolutions-SimulationEngineer-MicrogridProject(mfd)
Faliure Analysis Engineer(s), https://www.linkedin.com/jobs/view/2827590787/?refId=6da3e95f-5941-4aba-8e83-1306a9ae5701&trk=flagship3_job_home_savedjobs, Renesas Electronics, Düsseldorf (Hybrid), Actively recruiting, NO, /Users/distasl/Documents/WD/profDocs/submissions/pending/2022-01-07_RenesasElectronics-FaliureAnalysisEngineer(s)
Cell-level Mechanical Simulation Engineer, https://www.linkedin.com/jobs/view/2833656306/?refId=6da3e95f-5941-4aba-8e83-1306a9ae5701&trk=flagship3_job_home_savedjobs, Northvolt, Västerås (On-site), Actively recruiting, NO, /Users/distasl/Documents/WD/profDocs/submissions/pending/2022-01-07_Northvolt-Cell-levelMechanicalSimulationEngineer
Simulation Engineer, https://www.linkedin.com/jobs/view/2818782384/?refId=6da3e95f-5941-4aba-8e83-1306a9ae5701&trk=flagship3_job_home_savedjobs, Capgemini Engineering, Barcelona (Hybrid), Actively recruiting, NO, /Users/distasl/Documents/WD/profDocs/submissions/pending/2022-01-07_CapgeminiEngineering-SimulationEngineer
Data Scientist (m/f/d), https://www.linkedin.com/jobs/view/2829191651/?refId=6da3e95f-5941-4aba-8e83-1306a9ae5701&trk=flagship3_job_home_savedjobs, SimScale, Munich, Actively recruiting, NO, /Users/distasl/Documents/WD/profDocs/submissions/pending/2022-01-07_SimScale-DataScientist(mfd)
Data Scientist, https://www.linkedin.com/jobs/view/2800287775/?refId=6da3e95f-5941-4aba-8e83-1306a9ae5701&trk=flagship3_job_home_savedjobs, Volvo Cars, Göteborg (On-site), Actively recruiting, NO, /Users/distasl/Documents/WD/profDocs/submissions/pending/2022-01-07_VolvoCars-DataScientist
Data Scientist within Vehicle Engineering, https://www.linkedin.com/jobs/view/2823186637/?refId=6da3e95f-5941-4aba-8e83-1306a9ae5701&trk=flagship3_job_home_savedjobs, Volvo Group, Göteborg (On-site), Actively recruiting, NO, /Users/distasl/Documents/WD/profDocs/submissions/pending/2022-01-07_VolvoGroup-DataScientistwithinVehicleEngineering
Data Analyst for R&D Validation, https://www.linkedin.com/jobs/view/2827361977/?refId=6da3e95f-5941-4aba-8e83-1306a9ae5701&trk=flagship3_job_home_savedjobs, Northvolt, Västerås (On-site), Actively recruiting, NO, /Users/distasl/Documents/WD/profDocs/submissions/pending/2022-01-07_Northvolt-DataAnalystforR&DValidation
Mechanical Engineer - Discipline Expert, https://www.linkedin.com/jobs/view/2775539627/?refId=3c2e8c2f-65db-4a8a-bc82-33f45af6306b&trk=flagship3_job_home_savedjobs, European Spallation Source ERIC, Lund (On-site), Actively recruiting, NO, /Users/distasl/Documents/WD/profDocs/submissions/pending/2022-01-07_EuropeanSpallationSourceERIC-MechanicalEngineer-DisciplineExpert
Mechanical Simulation and Pressure Vessel Code Engineer, https://www.linkedin.com/jobs/view/2772788937/?refId=3c2e8c2f-65db-4a8a-bc82-33f45af6306b&trk=flagship3_job_home_savedjobs, Alfa Laval, Lund (On-site), Actively recruiting, NO, /Users/distasl/Documents/WD/profDocs/submissions/pending/2022-01-07_AlfaLaval-MechanicalSimulationandPressureVesselCodeEngineer
Computational Engineer; Simulation and Algorithms, https://www.linkedin.com/jobs/view/2788037385/?refId=3c2e8c2f-65db-4a8a-bc82-33f45af6306b&trk=flagship3_job_home_savedjobs, Captario, Gothenburg Metropolitan Area (Hybrid), Actively recruiting, NO, /Users/distasl/Documents/WD/profDocs/submissions/pending/2022-01-07_Captario-ComputationalEngineerSimulationandAlgorithms
Composite Design Engineer, https://www.linkedin.com/jobs/view/2818473384/?refId=3c2e8c2f-65db-4a8a-bc82-33f45af6306b&trk=flagship3_job_home_savedjobs, RUAG Space, Linköping (Hybrid), Actively recruiting, NO, /Users/distasl/Documents/WD/profDocs/submissions/pending/2022-01-07_RUAGSpace-CompositeDesignEngineer
Factory Simulation Engineer, https://www.linkedin.com/jobs/view/2769889903/?refId=3c2e8c2f-65db-4a8a-bc82-33f45af6306b&trk=flagship3_job_home_savedjobs, Northvolt, Stockholm City (On-site), Actively recruiting, NO, /Users/distasl/Documents/WD/profDocs/submissions/pending/2022-01-07_Northvolt-FactorySimulationEngineer
Cell-level Mechanical Simulation Engineer, https://www.linkedin.com/jobs/view/2827365510/?refId=3c2e8c2f-65db-4a8a-bc82-33f45af6306b&trk=flagship3_job_home_savedjobs, Northvolt, Västerås (On-site), Actively recruiting, NO, /Users/distasl/Documents/WD/profDocs/submissions/pending/2022-01-07_Northvolt-Cell-levelMechanicalSimulationEngineer
Simulation and Calculation Engineer, https://www.linkedin.com/jobs/view/2790402396/?refId=3c2e8c2f-65db-4a8a-bc82-33f45af6306b&trk=flagship3_job_home_savedjobs, Swegon Group, Vastra Gotaland County; Sweden (On-site), Actively recruiting, NO, /Users/distasl/Documents/WD/profDocs/submissions/pending/2022-01-07_SwegonGroup-SimulationandCalculationEngineer
Simulation Engineer - Electric Vehicle efficiency, https://www.linkedin.com/jobs/view/2790923749/?refId=3c2e8c2f-65db-4a8a-bc82-33f45af6306b&trk=flagship3_job_home_savedjobs, ALTEN Sweden, Gothenburg Metropolitan Area (On-site), Actively recruiting, NO, /Users/distasl/Documents/WD/profDocs/submissions/pending/2022-01-07_ALTENSweden-SimulationEngineer-ElectricVehicleefficiency
Analysis Engineer - CAE Driver Modeling and CI-Chain, https://www.linkedin.com/jobs/view/2822071043/?refId=3c2e8c2f-65db-4a8a-bc82-33f45af6306b&trk=flagship3_job_home_savedjobs, Volvo Cars, Göteborg (On-site), Actively recruiting, NO, /Users/distasl/Documents/WD/profDocs/submissions/pending/2022-01-07_VolvoCars-AnalysisEngineer-CAEDriverModelingandCI-Chain
Research People Lead - Data and Research Service (DRS); Team Management, https://www.linkedin.com/jobs/view/2797827418/?refId=3c2e8c2f-65db-4a8a-bc82-33f45af6306b&trk=flagship3_job_home_savedjobs, Boston Consulting Group (BCG), Community of Madrid; Spain (On-site), Actively recruiting, NO, /Users/distasl/Documents/WD/profDocs/submissions/pending/2022-01-07_BostonConsultingGroup(BCG)-ResearchPeopleLead-DataandResearchService(DRS)TeamManagement
Research Manager, https://www.linkedin.com/jobs/view/2726751167/?refId=89b47d3e-c856-4f65-ba9d-237dc6580337&trk=flagship3_job_home_savedjobs, Cerner Enviza, Greater Madrid Metropolitan Area (Hybrid), Actively recruiting, NO, /Users/distasl/Documents/WD/profDocs/submissions/pending/2022-01-07_CernerEnviza-ResearchManager
Consultant Space Sector, https://www.linkedin.com/jobs/view/2814378419/?refId=89b47d3e-c856-4f65-ba9d-237dc6580337&trk=flagship3_job_home_savedjobs, SpaceTec Partners, Munich (On-site), Actively recruiting, NO, /Users/distasl/Documents/WD/profDocs/submissions/pending/2022-01-07_SpaceTecPartners-ConsultantSpaceSector
#ZEROe Simulation and Modeling Engineer for the Hydrogen Non-Propulse Energy Demonstrator, https://www.linkedin.com/jobs/view/2818385203/?refId=89b47d3e-c856-4f65-ba9d-237dc6580337&trk=flagship3_job_home_savedjobs, Airbus, Getafe (On-site), Actively recruiting, NO, /Users/distasl/Documents/WD/profDocs/submissions/pending/2022-01-07_Airbus-#ZEROeSimulationandModelingEngineerfortheHydrogenNon-PropulseEnergyDemonstrator
Modeling & Simulation Engineer, https://www.linkedin.com/jobs/view/2787702270/?refId=89b47d3e-c856-4f65-ba9d-237dc6580337&trk=flagship3_job_home_savedjobs, Lilium, Munich (On-site), Actively recruiting, NO, /Users/distasl/Documents/WD/profDocs/submissions/pending/2022-01-07_Lilium-Modeling&SimulationEngineer
Structural Analysis Engineer, https://www.linkedin.com/jobs/view/2814845103/?refId=89b47d3e-c856-4f65-ba9d-237dc6580337&trk=flagship3_job_home_savedjobs, Large Space Structures GmbH, Eching (On-site), Actively recruiting, NO, /Users/distasl/Documents/WD/profDocs/submissions/pending/2022-01-07_LargeSpaceStructuresGmbH-StructuralAnalysisEngineer
Consultor de I+D+i, https://www.linkedin.com/jobs/view/2812770582/?refId=89b47d3e-c856-4f65-ba9d-237dc6580337&trk=flagship3_job_home_savedjobs, Euro-Funding, Barcelona (Hybrid), Actively recruiting, NO, /Users/distasl/Documents/WD/profDocs/submissions/pending/2022-01-07_Euro-Funding-ConsultordeI+D+i
Senior Structural Engineer; Landing gear, https://www.linkedin.com/jobs/view/2800748282/?refId=89b47d3e-c856-4f65-ba9d-237dc6580337&trk=flagship3_job_home_savedjobs, Destinus, Madrid (On-site), Actively recruiting, NO, /Users/distasl/Documents/WD/profDocs/submissions/pending/2022-01-07_Destinus-SeniorStructuralEngineerLandinggear
Application Engineer (*) Finite Element Analysis, https://www.linkedin.com/jobs/view/2815799876/?refId=89b47d3e-c856-4f65-ba9d-237dc6580337&trk=flagship3_job_home_savedjobs, 3M Deutschland GmbH, Hilden, Actively recruiting, NO, /Users/distasl/Documents/WD/profDocs/submissions/pending/2022-01-07_3MDeutschlandGmbH-ApplicationEngineer(*)FiniteElementAnalysis
Simulation Engineer Cold Chain /Software Developer Cold Chain , https://www.linkedin.com/jobs/view/2809905929/?refId=89b47d3e-c856-4f65-ba9d-237dc6580337&trk=flagship3_job_home_savedjobs, SmartCAE Stefan Braun, Munich (Hybrid), Actively recruiting, NO, /Users/distasl/Documents/WD/profDocs/submissions/pending/2022-01-07_SmartCAEStefanBraun-SimulationEngineerColdChainSoftwareDeveloperColdChain
#ZEROe Composite Stress Engineer for R&T, https://www.linkedin.com/jobs/view/2809989387/?refId=89b47d3e-c856-4f65-ba9d-237dc6580337&trk=flagship3_job_home_savedjobs, Airbus, Getafe (On-site), Actively recruiting, NO, /Users/distasl/Documents/WD/profDocs/submissions/pending/2022-01-07_Airbus-#ZEROeCompositeStressEngineerforR&T
Stress Engineer - Aircraft Structures, https://www.linkedin.com/jobs/view/2797876954/?refId=35af092a-1deb-43d8-baee-f76f1bb52b1f&trk=flagship3_job_home_savedjobs, Lilium, Munich (On-site), Actively recruiting, NO, /Users/distasl/Documents/WD/profDocs/submissions/pending/2022-01-07_Lilium-StressEngineer-AircraftStructures
Thermal and Mechanical Analysis Engineer, https://www.linkedin.com/jobs/view/2805638290/?refId=35af092a-1deb-43d8-baee-f76f1bb52b1f&trk=flagship3_job_home_savedjobs, GMV, Tres Cantos (Hybrid), Actively recruiting, NO, /Users/distasl/Documents/WD/profDocs/submissions/pending/2022-01-08_GMV-ThermalandMechanicalAnalysisEngineer
Data Scientist, https://www.linkedin.com/jobs/view/2803837451/?refId=35af092a-1deb-43d8-baee-f76f1bb52b1f&trk=flagship3_job_home_savedjobs, BBVA, Madrid (Hybrid), Actively recruiting, NO, /Users/distasl/Documents/WD/profDocs/submissions/pending/2022-01-08_BBVA-DataScientist
Innovation Strategy Consultant , https://www.linkedin.com/jobs/view/2804414681/?refId=35af092a-1deb-43d8-baee-f76f1bb52b1f&trk=flagship3_job_home_savedjobs, Opinno, Greater Barcelona Metropolitan Area (Hybrid), Actively recruiting, NO, /Users/distasl/Documents/WD/profDocs/submissions/pending/2022-01-08_Opinno-InnovationStrategyConsultant
Senior Structural Engineer, https://www.linkedin.com/jobs/view/2800739820/?refId=35af092a-1deb-43d8-baee-f76f1bb52b1f&trk=flagship3_job_home_savedjobs, Destinus, Madrid (On-site), Actively recruiting, NO, /Users/distasl/Documents/WD/profDocs/submissions/pending/2022-01-08_Destinus-SeniorStructuralEngineer
Stress Engineer, https://www.linkedin.com/jobs/view/2805151219/?refId=35af092a-1deb-43d8-baee-f76f1bb52b1f&trk=flagship3_job_home_savedjobs, Lilium, Munich (On-site), Actively recruiting, NO, /Users/distasl/Documents/WD/profDocs/submissions/pending/2022-01-08_Lilium-StressEngineer
Fuel Cell Stack simulation engineer / Modellierung und Simulation von Brennstoffzellen (CFD/FEM/Python), https://www.linkedin.com/jobs/view/2800920476/?refId=35af092a-1deb-43d8-baee-f76f1bb52b1f&trk=flagship3_job_home_savedjobs, Airbus, Dettingen an der Erms (On-site), Actively recruiting, NO, /Users/distasl/Documents/WD/profDocs/submissions/pending/2022-01-08_Airbus-FuelCellStacksimulationengineerModellierungundSimulationvonBrennstoffzellen(CFDFEMPython)
Senior Stress Engineer, https://www.linkedin.com/jobs/view/2800394719/?refId=35af092a-1deb-43d8-baee-f76f1bb52b1f&trk=flagship3_job_home_savedjobs, Destinus, Madrid (On-site), Actively recruiting, NO, /Users/distasl/Documents/WD/profDocs/submissions/pending/2022-01-08_Destinus-SeniorStressEngineer
Simulation Engineer, https://www.linkedin.com/jobs/view/2800924097/?refId=35af092a-1deb-43d8-baee-f76f1bb52b1f&trk=flagship3_job_home_savedjobs, Roche, Sant Cugat del Vallès, Actively recruiting, NO, /Users/distasl/Documents/WD/profDocs/submissions/pending/2022-01-08_Roche-SimulationEngineer
Simulation Engineer (f/m/d), https://www.linkedin.com/jobs/view/2804155267/?refId=35af092a-1deb-43d8-baee-f76f1bb52b1f&trk=flagship3_job_home_savedjobs, SII Germany, Donauwörth (On-site), Actively recruiting, NO, /Users/distasl/Documents/WD/profDocs/submissions/pending/2022-01-08_SIIGermany-SimulationEngineer(fmd)
Learning Experience Consultant (UK only), https://www.linkedin.com/jobs/view/2787100086/?refId=b3b9d25c-8114-4422-a46e-7c8265e1183c&trk=flagship3_job_home_savedjobs, Sponge, United Kingdom (Remote), Actively recruiting, NO, /Users/distasl/Documents/WD/profDocs/submissions/pending/2022-01-08_Sponge-LearningExperienceConsultant(UKonly)
Senior Consultant, https://www.linkedin.com/jobs/view/2802969481/?refId=b3b9d25c-8114-4422-a46e-7c8265e1183c&trk=flagship3_job_home_savedjobs, ORPHOZ; a McKinsey Company, Madrid (On-site), Actively recruiting, NO, /Users/distasl/Documents/WD/profDocs/submissions/pending/2022-01-08_ORPHOZaMcKinseyCompany-SeniorConsultant
Aerospace Engineers (Germany), https://www.linkedin.com/jobs/view/2796268323/?refId=b3b9d25c-8114-4422-a46e-7c8265e1183c&trk=flagship3_job_home_savedjobs, Orbital Critical Systems CAF Group, Madrid (On-site), Actively recruiting, NO, /Users/distasl/Documents/WD/profDocs/submissions/pending/2022-01-08_OrbitalCriticalSystemsCAFGroup-AerospaceEngineers(Germany)
Thermal and Mechanical Analysis Engineer, https://www.linkedin.com/jobs/view/2767131893/?refId=b3b9d25c-8114-4422-a46e-7c8265e1183c&trk=flagship3_job_home_savedjobs, GMV, Tres Cantos, Actively recruiting, NO, /Users/distasl/Documents/WD/profDocs/submissions/pending/2022-01-08_GMV-ThermalandMechanicalAnalysisEngineer
CAE Simulation Engineer, https://www.linkedin.com/jobs/view/2797871357/?refId=b3b9d25c-8114-4422-a46e-7c8265e1183c&trk=flagship3_job_home_savedjobs, Accenture España, Madrid, Actively recruiting, NO, /Users/distasl/Documents/WD/profDocs/submissions/pending/2022-01-08_AccentureEspaña-CAESimulationEngineer
Simulation Engineer (m/w/d), https://www.linkedin.com/jobs/view/2801008485/?refId=b3b9d25c-8114-4422-a46e-7c8265e1183c&trk=flagship3_job_home_savedjobs, Guldberg GmbH, Eching, Actively recruiting, NO, /Users/distasl/Documents/WD/profDocs/submissions/pending/2022-01-08_GuldbergGmbH-SimulationEngineer(mwd)
CAE Structures Business Developer EMEA, https://www.linkedin.com/jobs/view/2795476183/?refId=b3b9d25c-8114-4422-a46e-7c8265e1183c&trk=flagship3_job_home_savedjobs, Hexagon Manufacturing Intelligence, Germany (Remote), Actively recruiting, NO, /Users/distasl/Documents/WD/profDocs/submissions/pending/2022-01-08_HexagonManufacturingIntelligence-CAEStructuresBusinessDeveloperEMEA
E2E Payload Performance and Simulation Engineer, https://www.linkedin.com/jobs/view/2796247056/?refId=b3b9d25c-8114-4422-a46e-7c8265e1183c&trk=flagship3_job_home_savedjobs, ConstellR, Freiburg (Hybrid), Actively recruiting, NO, /Users/distasl/Documents/WD/profDocs/submissions/pending/2022-01-08_ConstellR-E2EPayloadPerformanceandSimulationEngineer
Simulation Engineer (m/w/d), https://www.linkedin.com/jobs/view/2799959934/?refId=b3b9d25c-8114-4422-a46e-7c8265e1183c&trk=flagship3_job_home_savedjobs, Bertrandt Group, Munich, Actively recruiting, NO, /Users/distasl/Documents/WD/profDocs/submissions/pending/2022-01-08_BertrandtGroup-SimulationEngineer(mwd)
Data Scientist, https://www.linkedin.com/jobs/view/2799968052/?refId=b3b9d25c-8114-4422-a46e-7c8265e1183c&trk=flagship3_job_home_savedjobs, Clarity AI, Madrid (Remote), Actively recruiting, NO, /Users/distasl/Documents/WD/profDocs/submissions/pending/2022-01-08_ClarityAI-DataScientist
Innovation Consultant, https://www.linkedin.com/jobs/view/2799965710/?refId=069e57d7-3220-4e76-92cc-ac29f2fe7a22&trk=flagship3_job_home_savedjobs, PNO Innovation (Spain), Barcelona (Remote), Actively recruiting, NO, /Users/distasl/Documents/WD/profDocs/submissions/pending/2022-01-08_PNOInnovation(Spain)-InnovationConsultant
Doctor para desarrollo de producto, https://www.linkedin.com/jobs/view/2790153040/?refId=069e57d7-3220-4e76-92cc-ac29f2fe7a22&trk=flagship3_job_home_savedjobs, By - Access Control Systems, Community of Madrid; Spain (On-site), Actively recruiting, NO, /Users/distasl/Documents/WD/profDocs/submissions/pending/2022-01-08_By-AccessControlSystems-Doctorparadesarrollodeproducto
Postdoctoral Researcher, https://www.linkedin.com/jobs/view/2790620438/?refId=069e57d7-3220-4e76-92cc-ac29f2fe7a22&trk=flagship3_job_home_savedjobs, Universitat Pompeu Fabra, Barcelona (Hybrid), Actively recruiting, NO, /Users/distasl/Documents/WD/profDocs/submissions/pending/2022-01-08_UniversitatPompeuFabra-PostdoctoralResearcher
Consultant- Housing Energy- Net Zero, https://www.linkedin.com/jobs/view/2788901689/?refId=069e57d7-3220-4e76-92cc-ac29f2fe7a22&trk=flagship3_job_home_savedjobs, Turner & Townsend, Nottingham, Actively recruiting, NO, /Users/distasl/Documents/WD/profDocs/submissions/pending/2022-01-08_Turner&Townsend-Consultant-HousingEnergy-NetZero
Post-doctoral research associate in modelling and machine learning (1), https://www.linkedin.com/jobs/view/2784855947/?refId=069e57d7-3220-4e76-92cc-ac29f2fe7a22&trk=flagship3_job_home_savedjobs, IMDEA Materials Institute, Getafe, Actively recruiting, NO, /Users/distasl/Documents/WD/profDocs/submissions/pending/2022-01-08_IMDEAMaterialsInstitute-Post-doctoralresearchassociateinmodellingandmachinelearning(1)
Manager Battery Mechanics; Thermal Engineering (m/f/d); Munich/Bad Friedrichshall; Germany, https://www.linkedin.com/jobs/view/2620881868/?refId=069e57d7-3220-4e76-92cc-ac29f2fe7a22&trk=flagship3_job_home_savedjobs, Valmet Automotive, Bad Friedrichshall (On-site), Actively recruiting, NO, /Users/distasl/Documents/WD/profDocs/submissions/pending/2022-01-08_ValmetAutomotive-ManagerBatteryMechanicsThermalEngineering(mfd);MunichBadFriedrichshall;Germany
Fuel Cell Stack simulation engineer / Modellierung und Simulation von Brennstoffzellen (CFD/FEM/Python), https://www.linkedin.com/jobs/view/2788802658/?refId=069e57d7-3220-4e76-92cc-ac29f2fe7a22&trk=flagship3_job_home_savedjobs, Airbus, Dettingen an der Erms, Actively recruiting, NO, /Users/distasl/Documents/WD/profDocs/submissions/pending/2022-01-08_Airbus-FuelCellStacksimulationengineerModellierungundSimulationvonBrennstoffzellen(CFDFEMPython)
Ingeniero/a de validación de materiales compuestos, https://www.linkedin.com/jobs/view/2728107519/?refId=069e57d7-3220-4e76-92cc-ac29f2fe7a22&trk=flagship3_job_home_savedjobs, Capgemini Engineering, Navarra (On-site), Actively recruiting, NO, /Users/distasl/Documents/WD/profDocs/submissions/pending/2022-01-08_CapgeminiEngineering-Ingenieroadevalidacióndematerialescompuestos
R&D Engineer , https://www.linkedin.com/jobs/view/2783551003/?refId=069e57d7-3220-4e76-92cc-ac29f2fe7a22&trk=flagship3_job_home_savedjobs, Hays, Sabadell (Hybrid), Actively recruiting, NO, /Users/distasl/Documents/WD/profDocs/submissions/pending/2022-01-08_Hays-R&DEngineer
Ingeniero simulación mecánica, https://www.linkedin.com/jobs/view/2790785511/?refId=069e57d7-3220-4e76-92cc-ac29f2fe7a22&trk=flagship3_job_home_savedjobs, Walters People, Barcelona, Actively recruiting, NO, /Users/distasl/Documents/WD/profDocs/submissions/pending/2022-01-08_WaltersPeople-Ingenierosimulaciónmecánica
INGENIERO DE PRODUCTO MECÁNICO, https://www.linkedin.com/jobs/view/2754681879/?refId=3e5f447b-cdb8-4ddc-99ea-135853e826ff&trk=flagship3_job_home_savedjobs, Kivnon, Greater Barcelona Metropolitan Area, Actively recruiting, NO, /Users/distasl/Documents/WD/profDocs/submissions/pending/2022-01-08_Kivnon-INGENIERODEPRODUCTOMECÁNICO
Ingeniero Producto I+D, https://www.linkedin.com/jobs/view/2768663301/?refId=3e5f447b-cdb8-4ddc-99ea-135853e826ff&trk=flagship3_job_home_savedjobs, We Bring Strategy Consultants, Zamudio, Actively recruiting, NO, /Users/distasl/Documents/WD/profDocs/submissions/pending/2022-01-08_WeBringStrategyConsultants-IngenieroProductoI+D
Ingeniero/a I+D, https://www.linkedin.com/jobs/view/2783483879/?refId=3e5f447b-cdb8-4ddc-99ea-135853e826ff&trk=flagship3_job_home_savedjobs, Walters People, Tarragona, Actively recruiting, NO, /Users/distasl/Documents/WD/profDocs/submissions/pending/2022-01-08_WaltersPeople-IngenieroaI+D
Space Mechanisms Engineer (ESA-ESTEC), https://www.linkedin.com/jobs/view/2773916238/?refId=3e5f447b-cdb8-4ddc-99ea-135853e826ff&trk=flagship3_job_home_savedjobs, Sapienza Consulting , Noordwijk-Binnen (On-site), Actively recruiting, NO, /Users/distasl/Documents/WD/profDocs/submissions/pending/2022-01-08_SapienzaConsulting-SpaceMechanismsEngineer(ESA-ESTEC)
Consultant Innovation Funding (m/f/d), https://www.linkedin.com/jobs/view/2757957005/?refId=3e5f447b-cdb8-4ddc-99ea-135853e826ff&trk=flagship3_job_home_savedjobs, G.A.C. Group (France), Munich, Actively recruiting, NO, /Users/distasl/Documents/WD/profDocs/submissions/pending/2022-01-08_G.A.C.Group(France)-ConsultantInnovationFunding(mfd)
Consultants "Future Cities and Mobility" - Paris; Milan; Düsseldorf; Hamburg; Berlin; Munich, https://www.linkedin.com/jobs/view/2778580448/?refId=3e5f447b-cdb8-4ddc-99ea-135853e826ff&trk=flagship3_job_home_savedjobs, AFRY, Paris (On-site), Actively recruiting, NO, /Users/distasl/Documents/WD/profDocs/submissions/pending/2022-01-08_AFRY-Consultants"FutureCitiesandMobility"-ParisMilanDüsseldorfHamburgBerlinMunich
Programador R y/o Python I+D en Remoto , https://www.linkedin.com/jobs/view/2785602727/?refId=3e5f447b-cdb8-4ddc-99ea-135853e826ff&trk=flagship3_job_home_savedjobs, Quental, Madrid (Remote), Actively recruiting, NO, /Users/distasl/Documents/WD/profDocs/submissions/pending/2022-01-08_Quental-ProgramadorRyoPythonI+DenRemoto
Investigador Senior en Proyectos Internacionales, https://www.linkedin.com/jobs/view/2787053518/?refId=3e5f447b-cdb8-4ddc-99ea-135853e826ff&trk=flagship3_job_home_savedjobs, UNIR - La Universidad en Internet, Madrid (Remote), Actively recruiting, NO, /Users/distasl/Documents/WD/profDocs/submissions/pending/2022-01-08_UNIR-LaUniversidadenInternet-InvestigadorSeniorenProyectosInternacionales
Consultant Hydrogen, https://www.linkedin.com/jobs/view/2783594182/?refId=3e5f447b-cdb8-4ddc-99ea-135853e826ff&trk=flagship3_job_home_savedjobs, Sia Partners, Amsterdam, Actively recruiting, NO, /Users/distasl/Documents/WD/profDocs/submissions/pending/2022-01-08_SiaPartners-ConsultantHydrogen
Modeling & Simulation Engineer, https://www.linkedin.com/jobs/view/2787098878/?refId=3e5f447b-cdb8-4ddc-99ea-135853e826ff&trk=flagship3_job_home_savedjobs, Lilium, Munich, Actively recruiting, NO, /Users/distasl/Documents/WD/profDocs/submissions/pending/2022-01-08_Lilium-Modeling&SimulationEngineer
Application Engineer (*) Finite Element Analysis, https://www.linkedin.com/jobs/view/2785650818/?refId=79d00298-cf60-4175-be90-82be1b6239f0&trk=flagship3_job_home_savedjobs, 3M, Neuss (On-site), Actively recruiting, NO, /Users/distasl/Documents/WD/profDocs/submissions/pending/2022-01-08_3M-ApplicationEngineer(*)FiniteElementAnalysis
Berechnungsingenieur Finite-Elemente (m/w/d), https://www.linkedin.com/jobs/view/2780651382/?refId=79d00298-cf60-4175-be90-82be1b6239f0&trk=flagship3_job_home_savedjobs, Rheinmetall, Unterlüß (On-site), Actively recruiting, NO, /Users/distasl/Documents/WD/profDocs/submissions/pending/2022-01-08_Rheinmetall-BerechnungsingenieurFinite-Elemente(mwd)
CFD SIMULATIONS ENGINEER - R&D E-TRACTION, https://www.linkedin.com/jobs/view/2767951169/?refId=79d00298-cf60-4175-be90-82be1b6239f0&trk=flagship3_job_home_savedjobs, Mane Contract Services, Stuttgart Region (On-site), Actively recruiting, NO, /Users/distasl/Documents/WD/profDocs/submissions/pending/2022-01-08_ManeContractServices-CFDSIMULATIONSENGINEER-R&DE-TRACTION
Simulation Engineer (m/w/d), https://www.linkedin.com/jobs/view/2753701122/?refId=79d00298-cf60-4175-be90-82be1b6239f0&trk=flagship3_job_home_savedjobs, engineering people, Friedrichshafen, Actively recruiting, NO, /Users/distasl/Documents/WD/profDocs/submissions/pending/2022-01-08_engineeringpeople-SimulationEngineer(mwd)
Spezialist FEM-Berechnung Motorsport (m/w/d), https://www.linkedin.com/jobs/view/2781320887/?refId=79d00298-cf60-4175-be90-82be1b6239f0&trk=flagship3_job_home_savedjobs, GULP – experts united, Munich (On-site), Actively recruiting, NO, /Users/distasl/Documents/WD/profDocs/submissions/pending/2022-01-08_GULP–expertsunited-SpezialistFEM-BerechnungMotorsport(mwd)
Manager IT/Digital Engineering CAx (CAD/CAE) Automotive (m/w/d) - Projektmanagement; IT, https://www.linkedin.com/jobs/view/2776043239/?refId=79d00298-cf60-4175-be90-82be1b6239f0&trk=flagship3_job_home_savedjobs, REHAU AG + Co, Rehau, Actively recruiting, NO, /Users/distasl/Documents/WD/profDocs/submissions/pending/2022-01-08_REHAUAG+Co-ManagerITDigitalEngineeringCAx(CADCAE)Automotive(mwd)-ProjektmanagementIT
Simulationsexperte (m/w/d) FEM, https://www.linkedin.com/jobs/view/2768016227/?refId=79d00298-cf60-4175-be90-82be1b6239f0&trk=flagship3_job_home_savedjobs, AVL Thermal and HVAC GmbH, Bietigheim-Bissingen, Actively recruiting, NO, /Users/distasl/Documents/WD/profDocs/submissions/pending/2022-01-08_AVLThermalandHVACGmbH-Simulationsexperte(mwd)FEM
Ingenieur/in für Entwicklung (w/m/d), https://www.linkedin.com/jobs/view/2782452341/?refId=79d00298-cf60-4175-be90-82be1b6239f0&trk=flagship3_job_home_savedjobs, ESM GmbH, Heppenheim an der Bergstraße, Actively recruiting, NO, /Users/distasl/Documents/WD/profDocs/submissions/pending/2022-01-08_ESMGmbH-IngenieurinfürEntwicklung(wmd)
Analyseingenieur, https://www.linkedin.com/jobs/view/2774121872/?refId=79d00298-cf60-4175-be90-82be1b6239f0&trk=flagship3_job_home_savedjobs, movezeit GmbH, Leipzig, Actively recruiting, NO, /Users/distasl/Documents/WD/profDocs/submissions/pending/2022-01-08_movezeitGmbH-Analyseingenieur
Simulationsingenieur Automotive (m/w/d), https://www.linkedin.com/jobs/view/2748263625/?refId=79d00298-cf60-4175-be90-82be1b6239f0&trk=flagship3_job_home_savedjobs, engineering people, Kirchheim unter Teck, Actively recruiting, NO, /Users/distasl/Documents/WD/profDocs/submissions/pending/2022-01-08_engineeringpeople-SimulationsingenieurAutomotive(mwd)
Senior Expert Engine Dynamics and Loads (m|f|d), https://www.linkedin.com/jobs/view/2742323530/?refId=a9bc8100-b95d-4563-bd2e-eafc2f736a5c&trk=flagship3_job_home_savedjobs, MTU Aero Engines, Munich (Hybrid), Actively recruiting, NO, /Users/distasl/Documents/WD/profDocs/submissions/pending/2022-01-08_MTUAeroEngines-SeniorExpertEngineDynamicsandLoads(m|f|d)
Manager (m/w/d) IT/Digital Engineering CAx (CAD/CAE) Automotive, https://www.linkedin.com/jobs/view/2756113360/?refId=a9bc8100-b95d-4563-bd2e-eafc2f736a5c&trk=flagship3_job_home_savedjobs, REHAU, Rehau, Actively recruiting, NO, /Users/distasl/Documents/WD/profDocs/submissions/pending/2022-01-08_REHAU-Manager(mwd)ITDigitalEngineeringCAx(CADCAE)Automotive
Data Scientist Economics & Sustainability, https://www.linkedin.com/jobs/view/2774513907/?refId=a9bc8100-b95d-4563-bd2e-eafc2f736a5c&trk=flagship3_job_home_savedjobs, Rabobank, Utrecht, Actively recruiting, NO, /Users/distasl/Documents/WD/profDocs/submissions/pending/2022-01-08_Rabobank-DataScientistEconomics&Sustainability
Finite Element Analysis Engineer, https://www.linkedin.com/jobs/view/1678738345/?refId=a9bc8100-b95d-4563-bd2e-eafc2f736a5c&trk=flagship3_job_home_savedjobs, Ocado Group, Stockholm County; Sweden, Actively recruiting, NO, /Users/distasl/Documents/WD/profDocs/submissions/pending/2022-01-08_OcadoGroup-FiniteElementAnalysisEngineer
Finite element modeling of short; randomized fiber composite material, https://www.linkedin.com/jobs/view/1505132412/?refId=a9bc8100-b95d-4563-bd2e-eafc2f736a5c&trk=flagship3_job_home_savedjobs, ÅF, Trollhättan, Actively recruiting, NO, /Users/distasl/Documents/WD/profDocs/submissions/pending/2022-01-08_ÅF-Finiteelementmodelingofshortrandomizedfibercompositematerial
Research Engineer Experimental Mechanics, https://www.linkedin.com/jobs/view/1498393465/?refId=a9bc8100-b95d-4563-bd2e-eafc2f736a5c&trk=flagship3_job_home_savedjobs, Alfa Laval, Stockholm County; Sweden, Actively recruiting, NO, /Users/distasl/Documents/WD/profDocs/submissions/pending/2022-01-08_AlfaLaval-ResearchEngineerExperimentalMechanics
Research Fellow (Thermoset Composites Manufacturing - Poltrusion), https://www.linkedin.com/jobs/view/1498360043/?refId=a9bc8100-b95d-4563-bd2e-eafc2f736a5c&trk=flagship3_job_home_savedjobs, University of Southern Queensland, Kingsthorpe; QL, Actively recruiting, NO, /Users/distasl/Documents/WD/profDocs/submissions/pending/2022-01-08_UniversityofSouthernQueensland-ResearchFellow(ThermosetCompositesManufacturing-Poltrusion)
Mekanikkonstruktörer inom R&D till Stockholm, https://www.linkedin.com/jobs/view/1368035509/?refId=a9bc8100-b95d-4563-bd2e-eafc2f736a5c&trk=flagship3_job_home_savedjobs, Altran, Stockholm, Actively recruiting, NO, /Users/distasl/Documents/WD/profDocs/submissions/pending/2022-01-08_Altran-MekanikkonstruktörerinomR&DtillStockholm
Simulation engineer - multibody dynamics and load analysis, https://www.linkedin.com/jobs/view/1481766079/?refId=a9bc8100-b95d-4563-bd2e-eafc2f736a5c&trk=flagship3_job_home_savedjobs, Atlas Copco, Stockholm County; Sweden, Actively recruiting, NO, /Users/distasl/Documents/WD/profDocs/submissions/pending/2022-01-08_AtlasCopco-Simulationengineer-multibodydynamicsandloadanalysis
Investigador/a, https://www.linkedin.com/jobs/view/1485288292/?refId=a9bc8100-b95d-4563-bd2e-eafc2f736a5c&trk=flagship3_job_home_savedjobs, Universitat Oberta de Catalunya, Barcelona, Actively recruiting, NO, /Users/distasl/Documents/WD/profDocs/submissions/pending/2022-01-08_UniversitatObertadeCatalunya-Investigadora
Research Engineer - Automotive Components, https://www.linkedin.com/jobs/view/1485295053/?refId=17548d8b-d746-461d-b04b-df4ec1516b8d&trk=flagship3_job_home_savedjobs, DEKRA Testing and Certification; S.A.U., Málaga, Actively recruiting, NO, /Users/distasl/Documents/WD/profDocs/submissions/pending/2022-01-08_DEKRATestingandCertificationS.A.U.-ResearchEngineer-AutomotiveComponents
Development Engineers - Modelling and Simulation, https://www.linkedin.com/jobs/view/1457671403/?refId=17548d8b-d746-461d-b04b-df4ec1516b8d&trk=flagship3_job_home_savedjobs, Tetra Pak, Stockholm, Actively recruiting, NO, /Users/distasl/Documents/WD/profDocs/submissions/pending/2022-01-08_TetraPak-DevelopmentEngineers-ModellingandSimulation
Specialist – Polymer Materials, https://www.linkedin.com/jobs/view/1459903069/?refId=17548d8b-d746-461d-b04b-df4ec1516b8d&trk=flagship3_job_home_savedjobs, Alfa Laval, Stockholm County; Sweden, Actively recruiting, NO, /Users/distasl/Documents/WD/profDocs/submissions/pending/2022-01-08_AlfaLaval-Specialist–PolymerMaterials
Research and Development Team, https://www.linkedin.com/jobs/view/1460503533/?refId=17548d8b-d746-461d-b04b-df4ec1516b8d&trk=flagship3_job_home_savedjobs, UniCarriers Europe, Gothenburg, Actively recruiting, NO, /Users/distasl/Documents/WD/profDocs/submissions/pending/2022-01-08_UniCarriersEurope-ResearchandDevelopmentTeam
R&D Project Engineer, https://www.linkedin.com/jobs/view/1432822423/?refId=17548d8b-d746-461d-b04b-df4ec1516b8d&trk=flagship3_job_home_savedjobs, DuPont, Tarragona, Actively recruiting, NO, /Users/distasl/Documents/WD/profDocs/submissions/pending/2022-01-08_DuPont-R&DProjectEngineer
Simulation Technology Engineer (m/f), https://www.linkedin.com/jobs/view/1409508161/?refId=17548d8b-d746-461d-b04b-df4ec1516b8d&trk=flagship3_job_home_savedjobs, The Goodyear Tire & Rubber Company, Luxembourg, Actively recruiting, NO, /Users/distasl/Documents/WD/profDocs/submissions/pending/2022-01-08_TheGoodyearTire&RubberCompany-SimulationTechnologyEngineer(mf)
Senior Management Consultant, https://www.linkedin.com/jobs/view/1376407650/?refId=17548d8b-d746-461d-b04b-df4ec1516b8d&trk=flagship3_job_home_savedjobs, SKF Group, Gamlestaden, Actively recruiting, NO, /Users/distasl/Documents/WD/profDocs/submissions/pending/2022-01-08_SKFGroup-SeniorManagementConsultant
Consultant Engineer, https://www.linkedin.com/jobs/view/1394388583/?refId=17548d8b-d746-461d-b04b-df4ec1516b8d&trk=flagship3_job_home_savedjobs, FM Global, Stockholm County; Sweden, Actively recruiting, NO, /Users/distasl/Documents/WD/profDocs/submissions/pending/2022-01-08_FMGlobal-ConsultantEngineer
Business analyst, https://www.linkedin.com/jobs/view/1371629537/?refId=17548d8b-d746-461d-b04b-df4ec1516b8d&trk=flagship3_job_home_savedjobs, Polestar, Gamlestaden, Actively recruiting, NO, /Users/distasl/Documents/WD/profDocs/submissions/pending/2022-01-08_Polestar-Businessanalyst
Sustainability Project Leader, https://www.linkedin.com/jobs/view/1411562358/?refId=3918f18a-61a9-4e02-90f2-089465ac99cc&trk=flagship3_job_home_savedjobs, IKEA, Malmö, Actively recruiting, NO, /Users/distasl/Documents/WD/profDocs/submissions/pending/2022-01-08_IKEA-SustainabilityProjectLeader
Innovation Leader, https://www.linkedin.com/jobs/view/1435434227/?refId=3918f18a-61a9-4e02-90f2-089465ac99cc&trk=flagship3_job_home_savedjobs, IKEA, Malmö, Actively recruiting, NO, /Users/distasl/Documents/WD/profDocs/submissions/pending/2022-01-08_IKEA-InnovationLeader
Junior Management Consultant, https://www.linkedin.com/jobs/view/1436670553/?refId=3918f18a-61a9-4e02-90f2-089465ac99cc&trk=flagship3_job_home_savedjobs, SKF Group, Gamlestaden, Actively recruiting, NO, /Users/distasl/Documents/WD/profDocs/submissions/pending/2022-01-08_SKFGroup-JuniorManagementConsultant
Simulation engineer, https://www.linkedin.com/jobs/view/1369743160/?refId=3918f18a-61a9-4e02-90f2-089465ac99cc&trk=flagship3_job_home_savedjobs, Volvo Group, Malmö, Actively recruiting, NO, /Users/distasl/Documents/WD/profDocs/submissions/pending/2022-01-08_VolvoGroup-Simulationengineer
Tech Sales Solution Consultant - EXALEAD, https://www.linkedin.com/jobs/view/1345282541/?refId=3918f18a-61a9-4e02-90f2-089465ac99cc&trk=flagship3_job_home_savedjobs, Dassault Systèmes, Stockholm, Actively recruiting, NO, /Users/distasl/Documents/WD/profDocs/submissions/pending/2022-01-08_DassaultSystèmes-TechSalesSolutionConsultant-EXALEAD
Research Engineering Lead, https://www.linkedin.com/jobs/view/1407549867/?refId=3918f18a-61a9-4e02-90f2-089465ac99cc&trk=flagship3_job_home_savedjobs, Lockheed Martin, Armadale; VI, Actively recruiting, NO, /Users/distasl/Documents/WD/profDocs/submissions/pending/2022-01-08_LockheedMartin-ResearchEngineeringLead
Industry 4.0 junior consultant, https://www.linkedin.com/jobs/view/1401781417/?refId=3918f18a-61a9-4e02-90f2-089465ac99cc&trk=flagship3_job_home_savedjobs, Bax & Company, Barcelona, Actively recruiting, NO, /Users/distasl/Documents/WD/profDocs/submissions/pending/2022-01-08_Bax&Company-Industry4.0juniorconsultant
Intellectual property & technology transfer manager, https://www.linkedin.com/jobs/view/1256919704/?refId=3918f18a-61a9-4e02-90f2-089465ac99cc&trk=flagship3_job_home_savedjobs, Chalmers Industriteknik, Gamlestaden, Actively recruiting, NO, /Users/distasl/Documents/WD/profDocs/submissions/pending/2022-01-08_ChalmersIndustriteknik-Intellectualproperty&technologytransfermanager
